"Index","Name","Address","Coordinates","","Beacons","2","3","Manager","4","5","6","User chain opening hours","Opening hours"
"","","","Latitude","Longitude","UDID","Major","Minor","first name","last name","e-mail","phone","",""
"1","Nike Unit 41, Bridgewater Park, BANBRIDGE, BT32 4GJ","Unit 41, The Outlet, Bridgewater Park, BANBRIDGE, BT32 4GJ","54.33136","-6.27354","","","","","","","","",""
"2","Nike Ballymena Road, Antrim, BT41 4LL","Junction 1 Retail Park, Ballymena Road, Antrim, BT41 4LL","54.72995","-6.23315","","","","","","","","",""
"3","Nike 20-26 Buchanan Street, GLASGOW, G1 3BL","20-26 Buchanan Street, GLASGOW, G1 3BL","55.8585354","-4.2548176","","","","","","","","",""
"4","Nike East Kilbride, GLASGOW, G74 4UN","East Kilbride, GLASGOW, G74 4UN","55.784746","-4.16919","","","","","","","","",""
"5","Nike Bishopbriggs, GLASGOW, G64 2TS","Unit 8, Strathkelvin Retail Park, Bishopbriggs, GLASGOW, G64 2TS","55.92089","-4.20796","","","","","","","","",""
"6","Nike Sterling Mills Outlet Village, Tillicoultry, FK13 6HQ","Unit 28, Sterling Mills Outlet Village, Tillicoultry, Clackmannanshire, FK13 6HQ","56.14947","-3.74188","","","","","","","","",""
"7","Nike Units 87-90, Almondvale avenue, Livingston, EH54 6QX","Units 87-90 Livingston Designer outlet, Almondvale avenue, Livingston, West Lothian, EH54 6QX","55.88273","-3.51941","","","","","","","","",""
"8","Nike 40 South Groathill Avenue, EDINBURGH, EH4 2LN","40 South Groathill Avenue, EDINBURGH, EH4 2LN","55.95899","-3.24425","","","","","","","","",""
"9","Nike Unit 22, Glasgow Road, Gretna, DG16 5GG, ","Unit 22, Gretna Gateway Outlet Village, Glasgow Road, Gretna, DG16 5GG, ","54.99678","-3.05722","","","","","","","","",""
"10","Nike 12-13 Straiton Mains, Loanhead, EH20 9QY","Unit 1A Pentland Retail Park, 12-13 Straiton Mains, Loanhead, EH20 9QY","55.88666","-3.16281","","","","","","","","",""
"11","Nike 24 Paradise Street, Liverpool One, LIVERPOOL, L1 8JF","24 Paradise Street, Liverpool One, LIVERPOOL, L1 8JF","53.403743","-2.98607","","","","","","","","",""
"12","Nike Unit 31- Kinsey Road, Ellesmere Port, Cheshire, CH65 9JJ","McArthurGlen Cheshire Oaks Outlet, Unit 31- Kinsey Road, Ellesmere Port, Cheshire, CH65 9JJ","53.26361","-2.88125","","","","","","","","",""
"13","Nike Chester Rd, Broughton, Flintshire, Chester, CH4 0DE","Chester Broughton Shopping Park, Chester Rd, Broughton, Flintshire, Chester, CH4 0DE","53.193392","-2.893075","","","","","","","","",""
"14","Nike Unit 23, Clovelly Road, BIDEFORD, EX39 3QU","Unit 23 Atlantic Village, Clovelly Road, BIDEFORD, EX39 3QU","51.00848","-4.2318","","","","","","","","",""
"15","Nike Cheetham Hill Road, Manchester, M8 8EP","Manchester Fort Retail Park, Cheetham Hill Road, Manchester, M8 8EP","53.49795","-2.23494","","","","","","","","",""
"16","Nike 80-82 Grand Arcade, CARDIFF, CF10 2EL","80-82 Grand Arcade, St David's Dewi Sant, CARDIFF, CF10 2EL","51.479436","-3.174422","","","","","","","","",""
"17","Nike Pit Lane, Stoke-on Trent, ST7 1XD","Freeport Talke, Talke Retail Park, Pit Lane, Stoke-on Trent, ST7 1XD","53.002668","-2.179404","","","","","","","","",""
"18","Nike Durham Arnison Centre, COUNTY DURHAM, DH1 5GB","Unit J Durham Arnison Centre, Pity Me, COUNTY DURHAM, DH1 5GB","54.80592","-1.58158","","","","","","","","",""
"19","Nike Royal Quays, Coble Dean, NORTH SHIELDS, NE29 6DW","Royal Quays Shopping center, Coble Dean, NORTH SHIELDS, NE29 6DW","55.010762","-1.449138","","","","","","","","",""
"20","Nike Junction Road, Unit 4, Leeds, LS10 1ET","Crown Point Shopping Center, Junction Road, Unit 4, Leeds, LS10 1ET","53.8007554","-1.5490774","","","","","","","","",""
"21","Nike Unit 5, Astle Park, West Bromwich, B70 8NS","Unit 5, Astle Park, West Bromwich, BIRMINGHAM, B70 8NS","52.52033","-1.99539","","","","","","","","",""
"22","Nike Walsall Road, Perry Barr, BIRMINGHAM, B42 1AA","One Stop Shopping Centre, Walsall Road, Perry Barr, BIRMINGHAM, B42 1AA","52.5175995","-1.9029449","","","","","","","","",""
"23","Nike St. Ann Way, Gloucester, GL1 5SH","Gloucester Quays Designer Outlet, St. Ann Way, Gloucester, GL1 5SH","51.86083","-2.25256","","","","","","","","",""
"24","Nike Unit 19, Pendigo Way, BIRMINGHAM, B40 1PU","Resorts World Outlet, Unit 19, Pendigo Way, BIRMINGHAM, B40 1PU","52.486243","-1.890401","","","","","","","","",""
"25","Nike Unit A3-A7 Junction 32 Glasshoughton, Castleford, WF10 4FR","Unit A3-A7 Junction 32 Outlet Village Tomahawk Trail, Glasshoughton, Castleford, WEST YORKSHIRE, WF10 4FR","53.711384","-1.339295","","","","","","","","",""
"26","Nike Unit 39, Mansfield Road, South Normanton, DE55 2JW","Unit 39, East Midlands Designer Outlet, Mansfield Road, South Normanton, Derbyshire, DE55 2JW","53.122322","-1.5136821","","","","","","","","",""
"27","Nike Unit 2A, Stadium Way, Rotherham, S60 1TG","Unit 2A, Parkgate Shopping Park, Stadium Way, Rotherham, S60 1TG","53.44421","-1.34266","","","","","","","","",""
"28","Nike McArthurglen Designer Outlet, YORK, YO19 4TA","York McArthurglen Designer Outlet, YORK, YO19 4TA","53.9599651","-1.0872979","","","","","","","","",""
"29","Nike Kemble Drive, SWINDON, SN2 2DZ","Swindon Designer Outlet, Kemble Drive, SWINDON, SN2 2DZ","51.56412","-1.798","","","","","","","","",""
"30","Nike Unit 3, Bishops Centre, Taplow, Maidenhead, SL6 0NY","Unit 3, Bishops Centre, Taplow, Maidenhead, SL6 0NY","51.52256","-0.67689","","","","","","","","",""
"31","Nike Units 4-6, Central Square, PORTSMOUTH, PO1 3TA","Gunwharf Quays Shopping Outlet Units 4-6, Central Square, PORTSMOUTH, PO1 3TA","50.795931","-1.105803","","","","","","","","",""
"32","Nike Unit 62, Comet Way, Hatfield, AL10 0XR","Unit 62 the Galleria, Comet Way, Hatfield, AL10 0XR","51.7616675","-0.2397697","","","","","","","","",""
"33","Nike Wembley Boulevard, Wembley, HA9 0TG","42-45 London Designer Outlet, Wembley Boulevard, Wembley, HA9 0TG","51.556022","-0.27959","","","","","","","","",""
"34","Nike Unit 2137/2138, Ariel Way, LONDON, W12 7GF","Unit 2137/2138 Westfield London Shopping Centre, Ariel Way, LONDON, W12 7GF","51.5072023","-0.2232423","","","","","","","","",""
"35","Nike King's Road 33b/33c, LONDON, SW3 4LX","King's Road 33b/33c, LONDON, SW3 4LX","51.4904946","-0.1614185","","","","","","","","",""
"36","Nike 236 Oxford Street, London, W1C 1DE","236 Oxford Street, London, W1C 1DE","51.5157009","-0.141422","","","","","","","","",""
"37","Nike Unit 2 Enfield Retail Park, Enfield, EN1 1TH","Unit 2 Enfield Retail Park, Enfield, EN1 1TH","51.65272","-0.05286","","","","","","","","",""
"38","Nike 14-16 Neal Street, Covent Garden, LONDON, WC2H 9LY","14-16 Neal Street, Covent Garden, LONDON, WC2H 9LY","51.513606","-0.124639","","","","","","","","",""
"39","Nike 477-478 Batemans Row, LONDON, EC2A 3HH","477-478 Batemans Row, LONDON, EC2A 3HH","51.52521","-0.07873","","","","","","","","",""
"40","Nike U118 Upper Guild Hall, Dartford, DA9 9SS","Bluewater Shopping Centre, U118 Upper Guild Hall, Dartford, DA9 9SS","51.44621","0.216872","","","","","","","","",""
"41","Nike Unit 1A, Western Avenue, Grays, RM20 3LP","Unit 1A, Thurrock Shopping Park, Western Avenue, Grays, RM20 3L","51.4784037","0.3230151","","","","","","","","",""
